"Time","q0","q1","q2","q3"
2025-12-15 09:31:12,0.906,-0.0976,0.0253,-0.41
2025-12-15 09:31:14,0.906,-0.105,0.0115,-0.411
2025-12-15 09:31:16,0.933,-0.0921,-0.0179,-0.346
2025-12-15 09:31:18,0.945,-0.0644,-0.052,-0.317
2025-12-15 09:31:20,0.951,-0.0395,-0.0974,-0.289
2025-12-15 09:31:22,0.956,-0.0275,-0.128,-0.262
2025-12-15 09:31:24,0.963,-0.0304,-0.134,-0.233
2025-12-15 09:31:26,0.97,-0.0284,-0.126,-0.207
2025-12-15 09:31:28,0.976,-0.0161,-0.119,-0.182
2025-12-15 09:31:30,0.982,-0.00623,-0.11,-0.154
2025-12-15 09:31:32,0.99,-0.00656,-0.0881,-0.107
2025-12-15 09:31:34,0.997,-0.00659,-0.0548,-0.0535
2025-12-15 09:31:36,1,-0.000891,-0.0258,-0.00864
2025-12-15 09:31:38,1,0.00306,-0.00841,0.0039
2025-12-15 09:31:40,1,0.00231,-0.00171,-0.0014
2025-12-15 09:31:42,1,0.0011,-0.000856,-0.0015
2025-12-15 09:31:44,1,0.000415,-0.000922,-0.00042
2025-12-15 09:31:46,1,-0.000236,-0.000219,0.00065
2025-12-15 09:31:48,1,-0.000422,0.000608,0.00023
2025-12-15 09:31:50,1,-0.000168,0.000994,-0.00076
2025-12-15 09:31:52,1,8.57e-05,0.0012,-0.00135
2025-12-15 09:31:54,1,0.000356,0.0014,-0.00061
2025-12-15 09:31:56,1,0.00065,0.00159,6e-05
2025-12-15 09:31:58,1,0.000644,0.00179,0.00068
2025-12-15 09:32:00,1,0.000551,0.00199,0.00125
2025-12-15 09:32:02,1,0.000468,0.00219,0.00037
2025-12-15 09:32:04,1,0.000371,0.00183,-0.001
2025-12-15 09:32:06,1,0.00025,0.000981,-0.00092
2025-12-15 09:32:08,1,0.00012,0.000274,-0.00031
2025-12-15 09:32:10,1,-1.7e-06,0.000392,0.00031
2025-12-15 09:32:12,1,-0.000102,0.000652,0.00088
2025-12-15 09:32:14,1,-0.00018,0.000917,0.00093
2025-12-15 09:32:16,1,-0.00026,0.00115,-0.00048
2025-12-15 09:32:18,1,-0.000347,0.00124,-0.00146
2025-12-15 09:32:20,1,-0.000431,0.000994,-0.00106
2025-12-15 09:32:22,1,-0.00051,0.000749,-0.00065
2025-12-15 09:32:24,1,-0.000584,0.000505,-0.00025
2025-12-15 09:32:26,1,-0.000652,0.000264,0.00014
2025-12-15 09:32:28,1,-0.000714,2.37e-05,0.00054
2025-12-15 09:32:30,1,-0.000771,-0.000215,0.00093
2025-12-15 09:32:32,1,-0.000827,-0.00014,-0.0001
2025-12-15 09:32:34,1,-0.000786,-6e-07,-0.00165
2025-12-15 09:32:36,1,-0.000107,9.77e-05,-0.00151
2025-12-15 09:32:38,1,0.00019,0.000183,-0.00087
2025-12-15 09:32:40,1,4.88e-05,0.000275,-0.00027
2025-12-15 09:32:42,1,-7.39e-05,0.000375,0.0003
2025-12-15 09:32:44,1,-0.000179,0.000481,0.00082
2025-12-15 09:32:46,1,-0.000266,0.000593,0.00131
2025-12-15 09:32:48,1,-0.000346,0.000696,0.00035
2025-12-15 09:32:50,1,-0.000437,0.000759,-0.00112
2025-12-15 09:32:52,1,-0.000433,0.000782,-0.00203
2025-12-15 09:32:54,1,-9.73e-05,0.000793,-0.00125
2025-12-15 09:32:56,1,0.000257,0.000803,-0.00052
2025-12-15 09:32:58,1,0.000628,0.000809,0.00015
2025-12-15 09:33:00,1,0.000694,0.000813,0.00077
2025-12-15 09:33:02,1,0.00066,0.000811,-6e-05
2025-12-15 09:33:04,1,0.000613,0.000773,-0.00138
2025-12-15 09:33:06,1,0.000561,0.000707,-0.00133
2025-12-15 09:33:08,1,0.00052,0.000643,-0.00084
2025-12-15 09:33:10,1,0.000492,0.000582,-0.00037
2025-12-15 09:33:12,1,0.000475,0.000524,6e-05
2025-12-15 09:33:14,1,0.000469,0.000467,0.00046
2025-12-15 09:33:16,1,0.000474,0.00041,0.00083
2025-12-15 09:33:18,1,0.000489,0.000351,0.0007
2025-12-15 09:33:20,1,0.000493,0.000259,-0.00087
2025-12-15 09:33:22,1,0.000479,0.000123,-0.00187
2025-12-15 09:33:24,1,0.000468,-2.02e-05,-0.00115
2025-12-15 09:33:26,1,0.000472,-4.7e-05,-0.00045
2025-12-15 09:33:28,1,0.000497,0.000259,0.00018
2025-12-15 09:33:30,1,0.000548,0.000569,0.00075
2025-12-15 09:33:32,1,0.00062,0.00088,0.00077
2025-12-15 09:33:34,1,0.000695,0.00116,-0.00068
2025-12-15 09:33:36,1,0.00076,0.00107,-0.00161
2025-12-15 09:33:38,1,0.000831,0.000864,-0.00081
2025-12-15 09:33:40,1,0.000914,0.000664,-4e-05
2025-12-15 09:33:42,0.354,0.612,-0.354,-0.612
2025-12-15 09:33:44,0.382,0.607,-0.355,-0.6
2025-12-15 09:33:46,0.431,0.61,-0.322,-0.581
2025-12-15 09:33:48,0.494,0.621,-0.25,-0.555
2025-12-15 09:33:50,0.558,0.633,-0.13,-0.52
2025-12-15 09:33:52,0.617,0.619,0.0193,-0.485
2025-12-15 09:33:54,0.672,0.571,0.15,-0.447
2025-12-15 09:33:56,0.703,0.515,0.252,-0.42
2025-12-15 09:33:58,0.726,0.464,0.313,-0.401
2025-12-15 09:34:00,0.743,0.421,0.338,-0.395
2025-12-15 09:34:02,0.761,0.392,0.328,-0.399
2025-12-15 09:34:04,0.769,0.379,0.304,-0.414
2025-12-15 09:34:06,0.777,0.374,0.285,-0.419
2025-12-15 09:34:08,0.785,0.368,0.272,-0.418
2025-12-15 09:34:10,0.792,0.363,0.262,-0.416
2025-12-15 09:34:12,0.798,0.358,0.254,-0.414
2025-12-15 09:34:14,0.804,0.353,0.248,-0.41
2025-12-15 09:34:16,0.809,0.347,0.243,-0.407
2025-12-15 09:34:18,0.815,0.341,0.238,-0.402
2025-12-15 09:34:20,0.821,0.335,0.234,-0.398
2025-12-15 09:34:22,0.827,0.329,0.23,-0.394
2025-12-15 09:34:24,0.832,0.323,0.226,-0.39
2025-12-15 09:34:26,0.838,0.316,0.222,-0.385
2025-12-15 09:34:28,0.844,0.31,0.218,-0.38
2025-12-15 09:34:30,0.85,0.303,0.214,-0.375
2025-12-15 09:34:32,0.856,0.296,0.21,-0.37
2025-12-15 09:34:34,0.861,0.289,0.206,-0.364
2025-12-15 09:34:36,0.867,0.281,0.201,-0.358
2025-12-15 09:34:38,0.873,0.273,0.197,-0.352
2025-12-15 09:34:40,0.88,0.265,0.191,-0.345
2025-12-15 09:34:42,0.886,0.256,0.186,-0.339
2025-12-15 09:34:44,0.893,0.246,0.179,-0.331
2025-12-15 09:34:46,0.9,0.236,0.173,-0.324
2025-12-15 09:34:48,0.907,0.225,0.165,-0.316
2025-12-15 09:34:50,0.914,0.213,0.157,-0.307
2025-12-15 09:34:52,0.921,0.2,0.148,-0.298
2025-12-15 09:34:54,0.929,0.187,0.138,-0.288
2025-12-15 09:34:56,0.937,0.173,0.126,-0.276
2025-12-15 09:34:58,0.945,0.157,0.114,-0.263
2025-12-15 09:35:00,0.953,0.14,0.1,-0.249
2025-12-15 09:35:02,0.961,0.121,0.0845,-0.233
2025-12-15 09:35:04,0.969,0.102,0.0664,-0.215
2025-12-15 09:35:06,0.977,0.0821,0.0473,-0.192
2025-12-15 09:35:08,0.984,0.0605,0.0276,-0.163
2025-12-15 09:35:10,0.991,0.0396,0.00885,-0.126
2025-12-15 09:35:12,0.997,0.0212,-0.00581,-0.08
2025-12-15 09:35:14,1,0.00737,-0.0108,-0.0276
2025-12-15 09:35:16,1,0.000509,-0.00544,0.00704
2025-12-15 09:35:18,1,-0.000705,0.00118,0.0027
2025-12-15 09:35:20,1,0.00111,0.00102,-0.00372
2025-12-15 09:35:22,1,0.0019,-0.00138,0.00119
2025-12-15 09:35:24,1,2.9e-05,-0.000409,0.00076
2025-12-15 09:35:26,1,-0.000924,0.0012,-0.00137
2025-12-15 09:35:28,1,-0.000196,0.00116,-0.00028
2025-12-15 09:35:30,1,0.000544,0.000851,0.00118
2025-12-15 09:35:32,1,0.000351,0.00062,0.00116
2025-12-15 09:35:34,1,7.1e-06,0.000711,0.00067
2025-12-15 09:35:36,1,-0.00033,0.000802,0.00018
2025-12-15 09:35:38,1,-0.000527,0.000891,-0.0003
2025-12-15 09:35:40,1,-0.000316,0.000988,-0.00079
2025-12-15 09:35:42,1,-9.78e-05,0.0011,-0.00131
2025-12-15 09:35:44,1,0.000134,0.0012,-0.00044
2025-12-15 09:35:46,1,0.000396,0.00127,0.00087
2025-12-15 09:35:48,1,0.000686,0.0013,0.00156
2025-12-15 09:35:50,1,0.000661,0.00134,0.00047
2025-12-15 09:35:52,1,0.000531,0.0014,-0.00063
2025-12-15 09:35:54,1,0.000401,0.00149,-0.00127
2025-12-15 09:35:56,1,0.00029,0.00155,-0.00051
2025-12-15 09:35:58,1,0.000203,0.00158,0.00024
2025-12-15 09:36:00,1,0.000141,0.00158,0.00096
2025-12-15 09:36:02,1,0.000104,0.00155,0.00167
2025-12-15 09:36:04,1,8.27e-05,0.0015,0.00094
2025-12-15 09:36:06,1,6.36e-05,0.00148,-0.00028
2025-12-15 09:36:08,1,4.68e-05,0.00149,-0.00106
2025-12-15 09:36:10,1,4.89e-05,0.00149,-0.00046
2025-12-15 09:36:12,0.0076,-0.0868,-0.0868,0.992
2025-12-15 09:36:14,0.0563,-0.073,-0.105,0.99
2025-12-15 09:36:16,0.158,-0.0643,-0.154,0.973
2025-12-15 09:36:18,0.29,-0.0686,-0.23,0.927
2025-12-15 09:36:20,0.429,-0.0894,-0.322,0.839
2025-12-15 09:36:22,0.553,-0.134,-0.409,0.713
2025-12-15 09:36:24,0.636,-0.204,-0.469,0.577
2025-12-15 09:36:26,0.67,-0.293,-0.498,0.467
2025-12-15 09:36:28,0.68,-0.375,-0.506,0.375
2025-12-15 09:36:30,0.686,-0.425,-0.513,0.293
2025-12-15 09:36:32,0.681,-0.448,-0.526,0.242
2025-12-15 09:36:34,0.681,-0.454,-0.533,0.216
2025-12-15 09:36:36,0.707,-0.439,-0.522,0.187
2025-12-15 09:36:38,0.748,-0.407,-0.496,0.167
2025-12-15 09:36:40,0.801,-0.361,-0.453,0.152
2025-12-15 09:36:42,0.857,-0.319,-0.382,0.135
2025-12-15 09:36:44,0.907,-0.271,-0.299,0.121
2025-12-15 09:36:46,0.944,-0.215,-0.228,0.103
2025-12-15 09:36:48,0.972,-0.15,-0.17,0.0549
2025-12-15 09:36:50,0.99,-0.0828,-0.116,0.012
2025-12-15 09:36:52,0.997,-0.0341,-0.0679,-0.00123
2025-12-15 09:36:54,0.999,-0.0122,-0.0301,-0.00285
2025-12-15 09:36:56,1,-0.00529,-0.00942,0.00166
2025-12-15 09:36:58,1,-0.002,-0.00288,-0.0012
2025-12-15 09:37:00,1,0.000203,-0.00259,-0.00145
2025-12-15 09:37:02,1,0.000216,-0.00212,-0.00097
2025-12-15 09:37:04,1,-0.000259,-0.00107,-0.00067
2025-12-15 09:37:06,1,-1.53e-05,-0.000193,-0.00053
2025-12-15 09:37:08,1,0.000341,-0.000213,-0.00046
2025-12-15 09:37:10,1,0.000712,-0.000368,-0.00037
2025-12-15 09:37:12,1,0.000776,-0.000526,-0.00026
2025-12-15 09:37:14,1,0.000748,-0.000689,-0.00016
2025-12-15 09:37:16,1,0.000736,-0.000858,-6e-05
2025-12-15 09:37:18,1,0.000739,-0.00103,4e-05
2025-12-15 09:37:20,1,0.000758,-0.00121,0.00015
2025-12-15 09:37:22,1,0.000794,-0.0014,-0.00021
2025-12-15 09:37:24,1,0.000867,-0.00131,-0.00199
2025-12-15 09:37:26,1,0.000969,-0.00116,-0.0024
2025-12-15 09:37:28,1,0.00108,-0.00102,-0.00238
2025-12-15 09:37:30,1,0.00121,-0.00088,-0.00239
2025-12-15 09:37:32,1,0.00135,-0.000753,-0.00244
2025-12-15 09:37:34,1,0.00151,-0.000635,-0.00253
2025-12-15 09:37:36,1,0.00157,-0.000527,-0.00264
2025-12-15 09:37:38,1,0.00133,-0.000433,-0.00281
2025-12-15 09:37:40,1,0.00109,-0.000342,-0.00162
2025-12-15 09:37:42,1,0.000844,-0.000215,-2e-05
2025-12-15 09:37:44,1,0.000598,-7.11e-05,-0.00024
2025-12-15 09:37:46,1,0.000378,3.67e-05,-0.0011
2025-12-15 09:37:48,1,0.000185,0.000103,-0.00202
2025-12-15 09:37:50,1,1.97e-05,0.000131,-0.00251
2025-12-15 09:37:52,1,-0.000135,0.000158,-0.00164
2025-12-15 09:37:54,1,3.44e-05,0.000201,-0.0008
2025-12-15 09:37:56,1,0.000313,0.000266,2e-05
2025-12-15 09:37:58,1,0.000488,0.00035,0.00035
2025-12-15 09:38:00,1,0.000364,0.000407,-0.00076
2025-12-15 09:38:02,1,0.000274,0.000418,-0.00191
2025-12-15 09:38:04,1,0.000216,0.000274,-0.00262
2025-12-15 09:38:06,1,0.000178,-0.0002,-0.00191
2025-12-15 09:38:08,1,0.000152,-0.000662,-0.00116
2025-12-15 09:38:10,1,0.000137,-0.001,-0.00039
2025-12-15 09:38:12,1,0.000129,-0.000592,-0.00011
2025-12-15 09:38:14,1,0.00014,-0.000185,-0.00134
2025-12-15 09:38:16,1,0.000184,-0.000153,-0.00262
2025-12-15 09:38:18,1,0.000254,-0.00015,-0.00216
2025-12-15 09:38:20,1,0.000326,-0.000125,-0.00115
2025-12-15 09:38:22,1,0.000399,-7.63e-05,-0.00017
2025-12-15 09:38:24,1,0.000475,-8e-06,0.00031
2025-12-15 09:38:26,1,0.000572,4.07e-05,-0.00065
2025-12-15 09:38:28,1,0.000702,5.15e-05,-0.00163
2025-12-15 09:38:30,1,0.000864,2.43e-05,-0.00263
2025-12-15 09:38:32,1,0.00105,-2.5e-05,-0.00223
2025-12-15 09:38:34,1,0.00124,-5.67e-05,-0.00138
2025-12-15 09:38:36,1,0.00104,-7.03e-05,-0.00056
2025-12-15 09:38:38,1,0.000707,-7.27e-05,0.00021
2025-12-15 09:38:40,1,0.000389,-8.22e-05,-0.00047
2025-12-15 09:38:42,0.5,0.5,0.5,0.5
2025-12-15 09:38:44,0.53,0.483,0.503,0.481
2025-12-15 09:38:46,0.57,0.484,0.493,0.444
2025-12-15 09:38:48,0.61,0.509,0.451,0.406
2025-12-15 09:38:50,0.67,0.528,0.387,0.351
2025-12-15 09:38:52,0.746,0.524,0.31,0.27
2025-12-15 09:38:54,0.829,0.488,0.221,0.16
2025-12-15 09:38:56,0.899,0.413,0.144,0.0391
2025-12-15 09:38:58,0.944,0.313,0.0827,-0.0575
2025-12-15 09:39:00,0.975,0.201,0.0292,-0.088
2025-12-15 09:39:02,0.99,0.0914,-0.0005,-0.106
2025-12-15 09:39:04,0.992,0.0119,-0.00427,-0.122
2025-12-15 09:39:06,0.992,-0.0387,-0.000929,-0.121
2025-12-15 09:39:08,0.993,-0.0624,-0.0038,-0.104
2025-12-15 09:39:10,0.994,-0.0592,-0.0117,-0.0876
2025-12-15 09:39:12,0.997,-0.034,-0.0247,-0.0653
2025-12-15 09:39:14,0.999,-0.0119,-0.0313,-0.0268
2025-12-15 09:39:16,1,-0.0076,-0.0195,0.012
2025-12-15 09:39:18,1,-0.00509,-0.00357,0.00569
2025-12-15 09:39:20,1,0.000329,-0.00103,-0.00701
2025-12-15 09:39:22,1,0.00256,-0.00381,0.00271
2025-12-15 09:39:24,1,0.000632,-0.00184,0.00071
2025-12-15 09:39:26,1,0.000199,0.000181,-0.00234
2025-12-15 09:39:28,1,0.000974,-0.000113,-0.00127
2025-12-15 09:39:30,1,0.00108,-0.000595,-0.00023
2025-12-15 09:39:32,1,0.000514,-0.00038,0.00067
2025-12-15 09:39:34,1,-3.86e-05,-5.1e-05,2e-05
2025-12-15 09:39:36,1,-0.000401,0.000279,-0.00122
2025-12-15 09:39:38,1,1.4e-06,0.000268,-0.00112
2025-12-15 09:39:40,1,0.000507,0.000106,-0.00058
2025-12-15 09:39:42,1,0.000684,-9.74e-05,-7e-05
2025-12-15 09:39:44,1,0.000748,-0.000336,0.00034
2025-12-15 09:39:46,1,0.000811,-0.000607,0.00067
2025-12-15 09:39:48,1,0.000552,-0.0008,0.00087
2025-12-15 09:39:50,1,0.000195,-0.000689,0.00095
2025-12-15 09:39:52,1,-0.000146,-0.000598,0.00089
2025-12-15 09:39:54,1,-0.000467,-0.000525,0.0007
2025-12-15 09:39:56,1,-0.000362,-0.000471,0.0004
2025-12-15 09:39:58,1,-9.72e-05,-0.000441,6e-05
2025-12-15 09:40:00,1,0.000195,-0.000434,-0.00033
2025-12-15 09:40:02,1,0.000516,-0.000451,-0.00077
2025-12-15 09:40:04,1,0.000867,-0.000491,-0.00125
2025-12-15 09:40:06,1,0.00114,-0.000553,-0.00177
2025-12-15 09:40:08,1,0.00111,-0.000643,-0.00097
2025-12-15 09:40:10,1,0.00105,-0.000777,0.00018
2025-12-15 09:40:12,1,0.000968,-0.000626,0.00065
2025-12-15 09:40:14,1,0.000931,-0.000377,-0.00072
2025-12-15 09:40:16,1,0.000958,-0.00013,-0.0017
2025-12-15 09:40:18,1,0.00101,9.3e-05,-0.00134
2025-12-15 09:40:20,1,0.00107,0.000285,-0.00106
2025-12-15 09:40:22,1,0.00114,0.000446,-0.00085
2025-12-15 09:40:24,1,0.00122,0.000579,-0.00071
2025-12-15 09:40:26,1,0.00131,0.000684,-0.00065
2025-12-15 09:40:28,1,0.00142,0.000762,-0.00066
2025-12-15 09:40:30,1,0.00155,0.000815,-0.00074
2025-12-15 09:40:32,1,0.00119,0.000847,-0.00093
2025-12-15 09:40:34,1,0.000513,0.000871,-0.00131
2025-12-15 09:40:36,1,0.000505,0.000776,-0.00185
2025-12-15 09:40:38,1,0.000617,0.00033,-0.00109
2025-12-15 09:40:40,1,0.000699,-0.000162,2e-05
2025-12-15 09:40:42,1,0.000754,-0.000587,0.00053
2025-12-15 09:40:44,1,0.000839,-0.000377,-0.00047
2025-12-15 09:40:46,1,0.00098,-6.48e-05,-0.00153
2025-12-15 09:40:48,1,0.00116,0.000229,-0.00124
2025-12-15 09:40:50,1,0.00134,0.000484,-0.00053
2025-12-15 09:40:52,1,0.0012,0.000702,9e-05
2025-12-15 09:40:54,1,0.000945,0.000892,0.00059
2025-12-15 09:40:56,1,0.000696,0.00105,0.00096
2025-12-15 09:40:58,1,0.000456,0.00119,0.0012
2025-12-15 09:41:00,1,0.00023,0.00131,0.00084
2025-12-15 09:41:02,1,6.38e-05,0.001,-0.00106
2025-12-15 09:41:04,1,-4.86e-05,0.000257,-0.00139
2025-12-15 09:41:06,1,-0.00016,-0.000508,-0.00132
2025-12-15 09:41:08,1,-0.000264,-0.00075,-0.00142
2025-12-15 09:41:10,1,-0.000236,-0.000466,-0.00164
2025-12-15 09:41:12,0.16,-0.0665,0.377,0.91
2025-12-15 09:41:14,0.194,-0.063,0.385,0.9
2025-12-15 09:41:16,0.263,-0.0408,0.404,0.875
2025-12-15 09:41:18,0.323,0.0189,0.427,0.844
2025-12-15 09:41:20,0.379,0.111,0.442,0.805
2025-12-15 09:41:22,0.434,0.231,0.442,0.75
2025-12-15 09:41:24,0.488,0.365,0.408,0.68
2025-12-15 09:41:26,0.538,0.496,0.33,0.597
2025-12-15 09:41:28,0.586,0.599,0.22,0.499
2025-12-15 09:41:30,0.635,0.654,0.105,0.398
2025-12-15 09:41:32,0.694,0.658,0.0101,0.292
2025-12-15 09:41:34,0.765,0.617,-0.0502,0.175
2025-12-15 09:41:36,0.84,0.536,-0.0687,0.042
2025-12-15 09:41:38,0.904,0.414,-0.0517,-0.0882
2025-12-15 09:41:40,0.947,0.276,-0.021,-0.161
2025-12-15 09:41:42,0.973,0.159,0.0154,-0.164
2025-12-15 09:41:44,0.987,0.0666,0.0332,-0.146
2025-12-15 09:41:46,0.992,-0.00139,0.03,-0.12
2025-12-15 09:41:48,0.994,-0.0419,0.0239,-0.0952
2025-12-15 09:41:50,0.995,-0.0552,0.0127,-0.0766
2025-12-15 09:41:52,0.997,-0.0422,-0.00394,-0.0572
2025-12-15 09:41:54,0.999,-0.0183,-0.0183,-0.0293
2025-12-15 09:41:56,1,-0.00752,-0.0178,0.00397
2025-12-15 09:41:58,1,-0.00543,-0.00528,0.00917
2025-12-15 09:42:00,1,-0.00112,0.000351,-0.00432
2025-12-15 09:42:02,1,0.0021,-0.0018,-0.00111
2025-12-15 09:42:04,1,0.00153,-0.00209,0.00158
2025-12-15 09:42:06,1,-0.000167,9e-07,-0.00113
2025-12-15 09:42:08,1,0.000322,0.000498,-0.00172
2025-12-15 09:42:10,1,0.00135,-2.3e-06,-0.00108
2025-12-15 09:42:12,1,0.00122,-0.000417,-0.00056
2025-12-15 09:42:14,1,0.000728,-2.92e-05,-0.00014
2025-12-15 09:42:16,1,0.000592,0.000474,0.00019
2025-12-15 09:42:18,1,0.000488,0.000951,0.0004
2025-12-15 09:42:20,1,0.000412,0.00129,0.00049
2025-12-15 09:42:22,1,0.00035,0.00127,0.00047
2025-12-15 09:42:24,1,0.000293,0.00123,0.00033
2025-12-15 09:42:26,1,0.000239,0.00115,9e-05
2025-12-15 09:42:28,1,0.000185,0.00104,-0.00028
2025-12-15 09:42:30,1,0.000129,0.000902,-0.00075
2025-12-15 09:42:32,1,6.6e-05,0.000731,-0.00135
2025-12-15 09:42:34,1,-3.7e-06,0.000528,-0.00158
2025-12-15 09:42:36,1,-6.61e-05,0.000299,-0.00054
2025-12-15 09:42:38,1,0.000204,3.83e-05,0.00039
2025-12-15 09:42:40,1,0.000481,-0.000266,0.00071
2025-12-15 09:42:42,1,0.000423,-0.000606,-0.0005
2025-12-15 09:42:44,1,0.000342,-0.000979,-0.00183
2025-12-15 09:42:46,1,0.000244,-0.00125,-0.00152
2025-12-15 09:42:48,1,0.000168,-0.000806,-0.00074
2025-12-15 09:42:50,1,0.000131,-0.000282,-0.0001
2025-12-15 09:42:52,1,0.000132,0.000214,0.0004
2025-12-15 09:42:54,1,0.000167,0.00068,0.00077
2025-12-15 09:42:56,1,0.000234,0.00111,0.001
2025-12-15 09:42:58,1,0.000328,0.00141,0.00109
2025-12-15 09:43:00,1,0.000429,0.00101,0.00104
2025-12-15 09:43:02,1,0.000515,0.000474,0.00086
2025-12-15 09:43:04,1,0.000584,-9.73e-05,0.00055
2025-12-15 09:43:06,1,0.000632,-0.000567,0.00011
2025-12-15 09:43:08,1,0.00068,-0.000254,-0.00047
2025-12-15 09:43:10,1,0.000745,0.000161,-0.00119
2025-12-15 09:43:12,1,0.000828,0.00054,-0.00159
2025-12-15 09:43:14,1,0.00094,0.000777,-0.00073
2025-12-15 09:43:16,1,0.00107,0.000657,-2e-05
2025-12-15 09:43:18,1,0.00121,0.000503,0.00054
2025-12-15 09:43:20,1,0.00136,0.000316,0.00096
2025-12-15 09:43:22,1,0.00119,0.000101,0.00125
2025-12-15 09:43:24,1,0.000907,-0.000132,0
2025-12-15 09:43:26,1,0.000605,-0.000384,-0.00137
2025-12-15 09:43:28,1,0.000293,-0.000654,-0.00146
2025-12-15 09:43:30,1,-2.42e-05,-0.000938,-0.00168
2025-12-15 09:43:32,1,-0.000347,-0.00113,-0.00202
2025-12-15 09:43:34,1,-0.00066,-0.00101,-0.00109
2025-12-15 09:43:36,1,-0.000837,-0.000894,0.00018
2025-12-15 09:43:38,1,-0.000345,-0.000813,0.00082
2025-12-15 09:43:40,1,0.000263,-0.000787,-0.00012
2025-12-15 09:43:42,8e-05,-0.00873,-0.00873,1
2025-12-15 09:43:44,0.0476,0.00579,-0.0233,0.999
2025-12-15 09:43:46,0.139,0.0189,-0.0654,0.988
2025-12-15 09:43:48,0.262,0.0251,-0.132,0.956
2025-12-15 09:43:50,0.399,0.0215,-0.21,0.892
2025-12-15 09:43:52,0.536,-0.00277,-0.29,0.793
2025-12-15 09:43:54,0.652,-0.0469,-0.355,0.668
2025-12-15 09:43:56,0.733,-0.117,-0.4,0.538
2025-12-15 09:43:58,0.778,-0.209,-0.412,0.425
2025-12-15 09:44:00,0.8,-0.292,-0.399,0.339
2025-12-15 09:44:02,0.809,-0.343,-0.392,0.272
2025-12-15 09:44:04,0.813,-0.366,-0.393,0.227
2025-12-15 09:44:06,0.829,-0.366,-0.379,0.187
2025-12-15 09:44:08,0.859,-0.343,-0.35,0.148
2025-12-15 09:44:10,0.895,-0.295,-0.311,0.119
2025-12-15 09:44:12,0.935,-0.234,-0.25,0.0908
2025-12-15 09:44:14,0.969,-0.163,-0.178,0.0564
2025-12-15 09:44:16,0.989,-0.0921,-0.115,0.0188
2025-12-15 09:44:18,0.997,-0.0407,-0.0672,-0.00339
2025-12-15 09:44:20,0.999,-0.016,-0.0315,0.00167
2025-12-15 09:44:22,1,-0.00734,-0.00976,0.00481
2025-12-15 09:44:24,1,-0.0034,-0.00184,-0.00126
2025-12-15 09:44:26,1,-0.00111,-0.00133,-0.00115
2025-12-15 09:44:28,1,-0.000629,-0.00124,0.00031
2025-12-15 09:44:30,1,-0.000834,4.57e-05,0.00037
2025-12-15 09:44:32,1,-0.00065,0.00084,-1e-05
2025-12-15 09:44:34,1,-0.000328,0.00105,-0.00037
2025-12-15 09:44:36,1,1.83e-05,0.00125,-0.00071
2025-12-15 09:44:38,1,0.000387,0.00143,-0.00103
2025-12-15 09:44:40,1,0.000777,0.00159,-0.00134
2025-12-15 09:44:42,1,0.000598,0.00163,-0.00163
2025-12-15 09:44:44,1,-5.58e-05,0.00137,-0.00195
2025-12-15 09:44:46,1,-0.000545,0.00114,-0.0023
2025-12-15 09:44:48,1,-0.000551,0.000911,-0.00127
2025-12-15 09:44:50,1,-0.00057,0.000675,0.00022
2025-12-15 09:44:52,1,-0.000597,0.000432,-5e-05
2025-12-15 09:44:54,1,-0.000616,0.000191,-0.00091
2025-12-15 09:44:56,1,-0.000625,-4.68e-05,-0.00177
2025-12-15 09:44:58,1,-0.000625,-0.000283,-0.00218
2025-12-15 09:45:00,1,-0.000628,-0.000414,-0.00119
2025-12-15 09:45:02,1,-0.000626,-0.000226,-0.0002
2025-12-15 09:45:04,1,-0.000614,-4.65e-05,0.00033
2025-12-15 09:45:06,1,-0.000579,0.000131,-0.00055
2025-12-15 09:45:08,1,-0.000515,0.000307,-0.00142
2025-12-15 09:45:10,1,-0.000424,0.000483,-0.00228
2025-12-15 09:45:12,1,-0.000309,0.000654,-0.00173
2025-12-15 09:45:14,1,-0.000184,0.000812,-0.00071
2025-12-15 09:45:16,1,-5.15e-05,0.000956,0.00032
2025-12-15 09:45:18,1,9.25e-05,0.00109,-4e-05
2025-12-15 09:45:20,1,0.000261,0.00122,-0.00086
2025-12-15 09:45:22,1,0.000456,0.00134,-0.00167
2025-12-15 09:45:24,1,0.000676,0.00145,-0.002
2025-12-15 09:45:26,1,0.000802,0.00155,-0.00092
2025-12-15 09:45:28,1,0.000284,0.00132,0.00015
2025-12-15 09:45:30,1,-0.000353,0.001,0.0006
2025-12-15 09:45:32,1,-0.000986,0.000711,-0.00074
2025-12-15 09:45:34,1,-0.00104,0.000445,-0.00211
2025-12-15 09:45:36,1,-0.000475,0.000165,-0.00171
2025-12-15 09:45:38,1,-2.42e-05,-0.000146,-0.00072
2025-12-15 09:45:40,1,9.98e-05,-4.18e-05,0.00028
2025-12-15 09:45:42,1,0.000248,0.000486,-0.00011
2025-12-15 09:45:44,1,0.00044,0.00101,-0.00094
2025-12-15 09:45:46,1,0.000669,0.0012,-0.00176
2025-12-15 09:45:48,1,0.000923,0.00127,-0.0021
2025-12-15 09:45:50,1,0.00108,0.00132,-0.00102
2025-12-15 09:45:52,1,0.000921,0.00136,5e-05
2025-12-15 09:45:54,1,0.000768,0.00141,-0.00028
2025-12-15 09:45:56,1,0.000637,0.00147,-0.00109
2025-12-15 09:45:58,1,0.000528,0.00142,-0.0019
2025-12-15 09:46:00,1,0.000426,0.00105,-0.00132
2025-12-15 09:46:02,1,0.000311,0.000675,-0.00029
2025-12-15 09:46:04,1,0.000182,0.000298,0.00026
2025-12-15 09:46:06,1,5.18e-05,-7.46e-05,-0.00062
2025-12-15 09:46:08,1,-6.63e-05,-0.000113,-0.0015
2025-12-15 09:46:10,1,-0.00016,-3.63e-05,-0.00239
