"Time","X","Y","Z"
2025-12-15 09:31:12,0 rpm,0 rpm,0 rpm
2025-12-15 09:31:14,200 rpm,-200 rpm,185 rpm
2025-12-15 09:31:16,378 rpm,-179 rpm,191 rpm
2025-12-15 09:31:18,418 rpm,-218 rpm,105 rpm
2025-12-15 09:31:20,374 rpm,-259 rpm,133 rpm
2025-12-15 09:31:22,200 rpm,-115 rpm,103 rpm
2025-12-15 09:31:24,122 rpm,8.7 rpm,134 rpm
2025-12-15 09:31:26,192 rpm,62.7 rpm,102 rpm
2025-12-15 09:31:28,236 rpm,35.7 rpm,121 rpm
2025-12-15 09:31:30,162 rpm,83.5 rpm,134 rpm
2025-12-15 09:31:32,105 rpm,176 rpm,178 rpm
2025-12-15 09:31:34,135 rpm,194 rpm,178 rpm
2025-12-15 09:31:36,144 rpm,111 rpm,149 rpm
2025-12-15 09:31:38,94.6 rpm,25.7 rpm,95.9 rpm
2025-12-15 09:31:40,74.5 rpm,-36.7 rpm,96.7 rpm
2025-12-15 09:31:42,81.5 rpm,-56.8 rpm,104 rpm
2025-12-15 09:31:44,81.5 rpm,-52.9 rpm,104 rpm
2025-12-15 09:31:46,81.5 rpm,-49.8 rpm,104 rpm
2025-12-15 09:31:48,87.6 rpm,-49.8 rpm,101 rpm
2025-12-15 09:31:50,87.6 rpm,-53.7 rpm,101 rpm
2025-12-15 09:31:52,87.6 rpm,-53.7 rpm,104 rpm
2025-12-15 09:31:54,87.6 rpm,-53.7 rpm,104 rpm
2025-12-15 09:31:56,87.6 rpm,-53.7 rpm,104 rpm
2025-12-15 09:31:58,84.5 rpm,-53.7 rpm,104 rpm
2025-12-15 09:32:00,84.5 rpm,-53.7 rpm,104 rpm
2025-12-15 09:32:02,84.5 rpm,-53.7 rpm,101 rpm
2025-12-15 09:32:04,84.5 rpm,-60.6 rpm,101 rpm
2025-12-15 09:32:06,84.5 rpm,-60.6 rpm,104 rpm
2025-12-15 09:32:08,84.5 rpm,-56.8 rpm,104 rpm
2025-12-15 09:32:10,84.5 rpm,-52.9 rpm,104 rpm
2025-12-15 09:32:12,84.5 rpm,-52.9 rpm,104 rpm
2025-12-15 09:32:14,84.5 rpm,-52.9 rpm,101 rpm
2025-12-15 09:32:16,84.5 rpm,-52.9 rpm,101 rpm
2025-12-15 09:32:18,84.5 rpm,-56 rpm,104 rpm
2025-12-15 09:32:20,84.5 rpm,-56 rpm,104 rpm
2025-12-15 09:32:22,84.5 rpm,-56 rpm,104 rpm
2025-12-15 09:32:24,84.5 rpm,-56 rpm,104 rpm
2025-12-15 09:32:26,84.5 rpm,-56 rpm,104 rpm
2025-12-15 09:32:28,84.5 rpm,-56 rpm,104 rpm
2025-12-15 09:32:30,84.5 rpm,-56 rpm,104 rpm
2025-12-15 09:32:32,84.5 rpm,-52.9 rpm,101 rpm
2025-12-15 09:32:34,87.6 rpm,-52.9 rpm,101 rpm
2025-12-15 09:32:36,90.7 rpm,-52.9 rpm,105 rpm
2025-12-15 09:32:38,83.8 rpm,-52.9 rpm,105 rpm
2025-12-15 09:32:40,83.8 rpm,-52.9 rpm,105 rpm
2025-12-15 09:32:42,83.8 rpm,-52.9 rpm,105 rpm
2025-12-15 09:32:44,83.8 rpm,-52.9 rpm,105 rpm
2025-12-15 09:32:46,83.8 rpm,-52.9 rpm,105 rpm
2025-12-15 09:32:48,83.8 rpm,-52.9 rpm,102 rpm
2025-12-15 09:32:50,83.8 rpm,-52.9 rpm,102 rpm
2025-12-15 09:32:52,86.9 rpm,-52.9 rpm,106 rpm
2025-12-15 09:32:54,86.9 rpm,-52.9 rpm,106 rpm
2025-12-15 09:32:56,86.9 rpm,-52.9 rpm,106 rpm
2025-12-15 09:32:58,86.9 rpm,-52.9 rpm,106 rpm
2025-12-15 09:33:00,83.8 rpm,-52.9 rpm,106 rpm
2025-12-15 09:33:02,83.8 rpm,-52.9 rpm,103 rpm
2025-12-15 09:33:04,83.8 rpm,-52.9 rpm,103 rpm
2025-12-15 09:33:06,83.8 rpm,-52.9 rpm,106 rpm
2025-12-15 09:33:08,83.8 rpm,-52.9 rpm,106 rpm
2025-12-15 09:33:10,83.8 rpm,-52.9 rpm,106 rpm
2025-12-15 09:33:12,83.8 rpm,-52.9 rpm,106 rpm
2025-12-15 09:33:14,83.8 rpm,-52.9 rpm,106 rpm
2025-12-15 09:33:16,83.8 rpm,-52.9 rpm,106 rpm
2025-12-15 09:33:18,83.8 rpm,-52.9 rpm,103 rpm
2025-12-15 09:33:20,83.8 rpm,-52.9 rpm,103 rpm
2025-12-15 09:33:22,83.8 rpm,-52.9 rpm,107 rpm
2025-12-15 09:33:24,83.8 rpm,-52.9 rpm,107 rpm
2025-12-15 09:33:26,83.8 rpm,-49.8 rpm,107 rpm
2025-12-15 09:33:28,83.8 rpm,-49.8 rpm,107 rpm
2025-12-15 09:33:30,83.8 rpm,-49.8 rpm,107 rpm
2025-12-15 09:33:32,83.8 rpm,-49.8 rpm,104 rpm
2025-12-15 09:33:34,83.8 rpm,-49.8 rpm,104 rpm
2025-12-15 09:33:36,83.8 rpm,-52.9 rpm,108 rpm
2025-12-15 09:33:38,83.8 rpm,-52.9 rpm,108 rpm
2025-12-15 09:33:40,83.8 rpm,-52.9 rpm,108 rpm
2025-12-15 09:33:42,79.9 rpm,-52.9 rpm,108 rpm
2025-12-15 09:33:44,-120 rpm,147 rpm,164 rpm
2025-12-15 09:33:46,-321 rpm,348 rpm,111 rpm
2025-12-15 09:33:48,-521 rpm,548 rpm,93.6 rpm
2025-12-15 09:33:50,-721 rpm,746 rpm,30.9 rpm
2025-12-15 09:33:52,-921 rpm,546 rpm,22.5 rpm
2025-12-15 09:33:54,-830 rpm,346 rpm,-5.22 rpm
2025-12-15 09:33:56,-629 rpm,145 rpm,-19 rpm
2025-12-15 09:33:58,-429 rpm,-55 rpm,-32.1 rpm
2025-12-15 09:34:00,-229 rpm,-255 rpm,-14.9 rpm
2025-12-15 09:34:02,-28.6 rpm,-377 rpm,-25 rpm
2025-12-15 09:34:04,83.9 rpm,-330 rpm,-20.3 rpm
2025-12-15 09:34:06,27.6 rpm,-253 rpm,-9.46 rpm
2025-12-15 09:34:08,11.5 rpm,-234 rpm,-12.5 rpm
2025-12-15 09:34:10,7.61 rpm,-201 rpm,-16.4 rpm
2025-12-15 09:34:12,-3.95 rpm,-197 rpm,-16.4 rpm
2025-12-15 09:34:14,-3.95 rpm,-184 rpm,-16.4 rpm
2025-12-15 09:34:16,-17.8 rpm,-180 rpm,-21 rpm
2025-12-15 09:34:18,-23.2 rpm,-180 rpm,-21 rpm
2025-12-15 09:34:20,-23.2 rpm,-177 rpm,-24.1 rpm
2025-12-15 09:34:22,-30.2 rpm,-177 rpm,-27.2 rpm
2025-12-15 09:34:24,-30.2 rpm,-177 rpm,-27.2 rpm
2025-12-15 09:34:26,-30.1 rpm,-177 rpm,-30.3 rpm
2025-12-15 09:34:28,-40.2 rpm,-177 rpm,-30.3 rpm
2025-12-15 09:34:30,-44.8 rpm,-174 rpm,-33.3 rpm
2025-12-15 09:34:32,-44.8 rpm,-174 rpm,-36.4 rpm
2025-12-15 09:34:34,-49.4 rpm,-174 rpm,-36.4 rpm
2025-12-15 09:34:36,-57.1 rpm,-177 rpm,-39.5 rpm
2025-12-15 09:34:38,-60.2 rpm,-181 rpm,-39.5 rpm
2025-12-15 09:34:40,-63.3 rpm,-181 rpm,-43.3 rpm
2025-12-15 09:34:42,-75.6 rpm,-187 rpm,-43.3 rpm
2025-12-15 09:34:44,-75.6 rpm,-187 rpm,-43.3 rpm
2025-12-15 09:34:46,-87.2 rpm,-193 rpm,-47.2 rpm
2025-12-15 09:34:48,-92.6 rpm,-197 rpm,-47.2 rpm
2025-12-15 09:34:50,-101 rpm,-200 rpm,-50.2 rpm
2025-12-15 09:34:52,-116 rpm,-208 rpm,-50.2 rpm
2025-12-15 09:34:54,-119 rpm,-211 rpm,-50.2 rpm
2025-12-15 09:34:56,-130 rpm,-218 rpm,-50.2 rpm
2025-12-15 09:34:58,-148 rpm,-221 rpm,-50.2 rpm
2025-12-15 09:35:00,-163 rpm,-231 rpm,-50.2 rpm
2025-12-15 09:35:02,-170 rpm,-242 rpm,-47.1 rpm
2025-12-15 09:35:04,-181 rpm,-247 rpm,-44 rpm
2025-12-15 09:35:06,-204 rpm,-247 rpm,-35.4 rpm
2025-12-15 09:35:08,-217 rpm,-235 rpm,-26.1 rpm
2025-12-15 09:35:10,-217 rpm,-208 rpm,-11.4 rpm
2025-12-15 09:35:12,-207 rpm,-144 rpm,4.05 rpm
2025-12-15 09:35:14,-175 rpm,-45.7 rpm,3.28 rpm
2025-12-15 09:35:16,-129 rpm,16 rpm,-61 rpm
2025-12-15 09:35:18,-97.8 rpm,-21 rpm,-109 rpm
2025-12-15 09:35:20,-87.8 rpm,-67.3 rpm,-78.8 rpm
2025-12-15 09:35:22,-111 rpm,-52.6 rpm,-78 rpm
2025-12-15 09:35:24,-120 rpm,-30.3 rpm,-88.9 rpm
2025-12-15 09:35:26,-102 rpm,-41.1 rpm,-85 rpm
2025-12-15 09:35:28,-97.8 rpm,-48 rpm,-81.9 rpm
2025-12-15 09:35:30,-102 rpm,-48 rpm,-81.9 rpm
2025-12-15 09:35:32,-107 rpm,-44.9 rpm,-85 rpm
2025-12-15 09:35:34,-107 rpm,-44.9 rpm,-85 rpm
2025-12-15 09:35:36,-107 rpm,-44.9 rpm,-85 rpm
2025-12-15 09:35:38,-103 rpm,-44.9 rpm,-85 rpm
2025-12-15 09:35:40,-103 rpm,-44.9 rpm,-85 rpm
2025-12-15 09:35:42,-103 rpm,-44.9 rpm,-85 rpm
2025-12-15 09:35:44,-103 rpm,-44.9 rpm,-81.9 rpm
2025-12-15 09:35:46,-103 rpm,-44.9 rpm,-81.9 rpm
2025-12-15 09:35:48,-103 rpm,-44.9 rpm,-85.8 rpm
2025-12-15 09:35:50,-106 rpm,-44.9 rpm,-85.8 rpm
2025-12-15 09:35:52,-106 rpm,-44.9 rpm,-85.8 rpm
2025-12-15 09:35:54,-106 rpm,-44.9 rpm,-82.7 rpm
2025-12-15 09:35:56,-106 rpm,-44.9 rpm,-82.7 rpm
2025-12-15 09:35:58,-106 rpm,-44.9 rpm,-82.7 rpm
2025-12-15 09:36:00,-106 rpm,-44.9 rpm,-82.7 rpm
2025-12-15 09:36:02,-106 rpm,-44.9 rpm,-82.7 rpm
2025-12-15 09:36:04,-106 rpm,-44.9 rpm,-85.8 rpm
2025-12-15 09:36:06,-106 rpm,-44.9 rpm,-85.8 rpm
2025-12-15 09:36:08,-106 rpm,-44.9 rpm,-82.7 rpm
2025-12-15 09:36:10,-106 rpm,-44.9 rpm,-82.7 rpm
2025-12-15 09:36:12,-106 rpm,-44.9 rpm,-82.7 rpm
2025-12-15 09:36:14,-307 rpm,-157 rpm,-243 rpm
2025-12-15 09:36:16,-507 rpm,42.8 rpm,-281 rpm
2025-12-15 09:36:18,-707 rpm,41.3 rpm,-366 rpm
2025-12-15 09:36:20,-855 rpm,242 rpm,-369 rpm
2025-12-15 09:36:22,-956 rpm,359 rpm,-381 rpm
2025-12-15 09:36:24,-851 rpm,557 rpm,-267 rpm
2025-12-15 09:36:26,-790 rpm,463 rpm,-196 rpm
2025-12-15 09:36:28,-590 rpm,509 rpm,-155 rpm
2025-12-15 09:36:30,-390 rpm,309 rpm,-179 rpm
2025-12-15 09:36:32,-190 rpm,108 rpm,-110 rpm
2025-12-15 09:36:34,10.6 rpm,228 rpm,-135 rpm
2025-12-15 09:36:36,211 rpm,409 rpm,-132 rpm
2025-12-15 09:36:38,403 rpm,403 rpm,-135 rpm
2025-12-15 09:36:40,485 rpm,593 rpm,-125 rpm
2025-12-15 09:36:42,482 rpm,723 rpm,-115 rpm
2025-12-15 09:36:44,563 rpm,652 rpm,-102 rpm
2025-12-15 09:36:46,545 rpm,524 rpm,-132 rpm
2025-12-15 09:36:48,561 rpm,524 rpm,-186 rpm
2025-12-15 09:36:50,539 rpm,433 rpm,-111 rpm
2025-12-15 09:36:52,353 rpm,377 rpm,-85.9 rpm
2025-12-15 09:36:54,195 rpm,265 rpm,-50.3 rpm
2025-12-15 09:36:56,144 rpm,141 rpm,-59.6 rpm
2025-12-15 09:36:58,138 rpm,65.6 rpm,-61.1 rpm
2025-12-15 09:37:00,123 rpm,52.5 rpm,-56.5 rpm
2025-12-15 09:37:02,111 rpm,61 rpm,-56.5 rpm
2025-12-15 09:37:04,115 rpm,61 rpm,-56.5 rpm
2025-12-15 09:37:06,118 rpm,56.3 rpm,-56.5 rpm
2025-12-15 09:37:08,118 rpm,52.5 rpm,-56.5 rpm
2025-12-15 09:37:10,118 rpm,52.5 rpm,-56.5 rpm
2025-12-15 09:37:12,115 rpm,52.5 rpm,-56.5 rpm
2025-12-15 09:37:14,115 rpm,52.5 rpm,-56.5 rpm
2025-12-15 09:37:16,115 rpm,52.5 rpm,-56.5 rpm
2025-12-15 09:37:18,115 rpm,52.5 rpm,-56.5 rpm
2025-12-15 09:37:20,115 rpm,52.5 rpm,-56.5 rpm
2025-12-15 09:37:22,115 rpm,52.5 rpm,-59.6 rpm
2025-12-15 09:37:24,115 rpm,55.6 rpm,-59.6 rpm
2025-12-15 09:37:26,115 rpm,55.6 rpm,-56.5 rpm
2025-12-15 09:37:28,115 rpm,55.6 rpm,-56.5 rpm
2025-12-15 09:37:30,115 rpm,55.6 rpm,-56.5 rpm
2025-12-15 09:37:32,115 rpm,55.6 rpm,-56.5 rpm
2025-12-15 09:37:34,115 rpm,55.6 rpm,-56.5 rpm
2025-12-15 09:37:36,112 rpm,55.6 rpm,-56.5 rpm
2025-12-15 09:37:38,112 rpm,55.6 rpm,-56.5 rpm
2025-12-15 09:37:40,112 rpm,55.6 rpm,-53.4 rpm
2025-12-15 09:37:42,112 rpm,55.6 rpm,-53.4 rpm
2025-12-15 09:37:44,112 rpm,55.6 rpm,-57.3 rpm
2025-12-15 09:37:46,112 rpm,55.6 rpm,-57.3 rpm
2025-12-15 09:37:48,112 rpm,55.6 rpm,-57.3 rpm
2025-12-15 09:37:50,112 rpm,55.6 rpm,-54.2 rpm
2025-12-15 09:37:52,112 rpm,55.6 rpm,-54.2 rpm
2025-12-15 09:37:54,115 rpm,55.6 rpm,-54.2 rpm
2025-12-15 09:37:56,115 rpm,55.6 rpm,-54.2 rpm
2025-12-15 09:37:58,112 rpm,55.6 rpm,-57.3 rpm
2025-12-15 09:38:00,112 rpm,55.6 rpm,-57.3 rpm
2025-12-15 09:38:02,112 rpm,55.6 rpm,-57.3 rpm
2025-12-15 09:38:04,112 rpm,52.5 rpm,-54.2 rpm
2025-12-15 09:38:06,112 rpm,52.5 rpm,-54.2 rpm
2025-12-15 09:38:08,112 rpm,52.5 rpm,-54.2 rpm
2025-12-15 09:38:10,112 rpm,55.6 rpm,-54.2 rpm
2025-12-15 09:38:12,112 rpm,59.4 rpm,-57.3 rpm
2025-12-15 09:38:14,112 rpm,56.3 rpm,-57.3 rpm
2025-12-15 09:38:16,112 rpm,56.3 rpm,-57.3 rpm
2025-12-15 09:38:18,112 rpm,56.3 rpm,-53.4 rpm
2025-12-15 09:38:20,112 rpm,56.3 rpm,-53.4 rpm
2025-12-15 09:38:22,112 rpm,56.3 rpm,-53.4 rpm
2025-12-15 09:38:24,112 rpm,56.3 rpm,-56.5 rpm
2025-12-15 09:38:26,112 rpm,56.3 rpm,-56.5 rpm
2025-12-15 09:38:28,112 rpm,56.3 rpm,-56.5 rpm
2025-12-15 09:38:30,112 rpm,56.3 rpm,-56.5 rpm
2025-12-15 09:38:32,112 rpm,56.3 rpm,-53.4 rpm
2025-12-15 09:38:34,112 rpm,56.3 rpm,-53.4 rpm
2025-12-15 09:38:36,108 rpm,56.3 rpm,-53.4 rpm
2025-12-15 09:38:38,108 rpm,56.3 rpm,-53.4 rpm
2025-12-15 09:38:40,108 rpm,56.3 rpm,-56.5 rpm
2025-12-15 09:38:42,108 rpm,56.3 rpm,-56.5 rpm
2025-12-15 09:38:44,-27.4 rpm,-144 rpm,-162 rpm
2025-12-15 09:38:46,159 rpm,-344 rpm,-84.3 rpm
2025-12-15 09:38:48,-41.1 rpm,-545 rpm,-92 rpm
2025-12-15 09:38:50,-125 rpm,-745 rpm,-141 rpm
2025-12-15 09:38:52,-325 rpm,-843 rpm,-194 rpm
2025-12-15 09:38:54,-526 rpm,-886 rpm,-228 rpm
2025-12-15 09:38:56,-726 rpm,-686 rpm,-221 rpm
2025-12-15 09:38:58,-776 rpm,-485 rpm,-130 rpm
2025-12-15 09:39:00,-950 rpm,-285 rpm,19.8 rpm
2025-12-15 09:39:02,-750 rpm,-84.8 rpm,17.3 rpm
2025-12-15 09:39:04,-549 rpm,94.8 rpm,30.4 rpm
2025-12-15 09:39:06,-349 rpm,51.6 rpm,86.1 rpm
2025-12-15 09:39:08,-149 rpm,48.6 rpm,97.6 rpm
2025-12-15 09:39:10,51.3 rpm,20.8 rpm,97.6 rpm
2025-12-15 09:39:12,152 rpm,20.8 rpm,113 rpm
2025-12-15 09:39:14,36.6 rpm,127 rpm,143 rpm
2025-12-15 09:39:16,-49 rpm,254 rpm,93 rpm
2025-12-15 09:39:18,-22 rpm,190 rpm,17.2 rpm
2025-12-15 09:39:20,-25 rpm,94 rpm,65.2 rpm
2025-12-15 09:39:22,-63.6 rpm,116 rpm,68.3 rpm
2025-12-15 09:39:24,-72.8 rpm,143 rpm,45.8 rpm
2025-12-15 09:39:26,-54.3 rpm,123 rpm,59 rpm
2025-12-15 09:39:28,-54.3 rpm,116 rpm,59 rpm
2025-12-15 09:39:30,-63.6 rpm,119 rpm,59 rpm
2025-12-15 09:39:32,-63.6 rpm,123 rpm,59 rpm
2025-12-15 09:39:34,-63.6 rpm,123 rpm,55.9 rpm
2025-12-15 09:39:36,-59.7 rpm,123 rpm,55.9 rpm
2025-12-15 09:39:38,-56.7 rpm,119 rpm,59 rpm
2025-12-15 09:39:40,-56.7 rpm,119 rpm,59 rpm
2025-12-15 09:39:42,-59.7 rpm,119 rpm,59 rpm
2025-12-15 09:39:44,-59.7 rpm,119 rpm,59 rpm
2025-12-15 09:39:46,-59.7 rpm,119 rpm,59 rpm
2025-12-15 09:39:48,-62.8 rpm,123 rpm,59 rpm
2025-12-15 09:39:50,-62.8 rpm,123 rpm,59 rpm
2025-12-15 09:39:52,-62.8 rpm,123 rpm,59 rpm
2025-12-15 09:39:54,-62.8 rpm,123 rpm,59 rpm
2025-12-15 09:39:56,-59 rpm,123 rpm,59 rpm
2025-12-15 09:39:58,-59 rpm,123 rpm,59 rpm
2025-12-15 09:40:00,-59 rpm,123 rpm,59 rpm
2025-12-15 09:40:02,-59 rpm,123 rpm,59 rpm
2025-12-15 09:40:04,-59 rpm,123 rpm,59 rpm
2025-12-15 09:40:06,-62 rpm,123 rpm,59 rpm
2025-12-15 09:40:08,-62 rpm,123 rpm,62.1 rpm
2025-12-15 09:40:10,-62 rpm,123 rpm,62.1 rpm
2025-12-15 09:40:12,-62 rpm,126 rpm,58.2 rpm
2025-12-15 09:40:14,-62 rpm,126 rpm,58.2 rpm
2025-12-15 09:40:16,-62 rpm,126 rpm,61.3 rpm
2025-12-15 09:40:18,-62 rpm,126 rpm,61.3 rpm
2025-12-15 09:40:20,-62 rpm,126 rpm,61.3 rpm
2025-12-15 09:40:22,-62 rpm,126 rpm,61.3 rpm
2025-12-15 09:40:24,-62 rpm,126 rpm,61.3 rpm
2025-12-15 09:40:26,-62 rpm,126 rpm,61.3 rpm
2025-12-15 09:40:28,-62 rpm,126 rpm,61.3 rpm
2025-12-15 09:40:30,-62 rpm,126 rpm,61.3 rpm
2025-12-15 09:40:32,-69 rpm,126 rpm,61.3 rpm
2025-12-15 09:40:34,-65.9 rpm,126 rpm,61.3 rpm
2025-12-15 09:40:36,-62.8 rpm,123 rpm,61.3 rpm
2025-12-15 09:40:38,-62.8 rpm,123 rpm,64.4 rpm
2025-12-15 09:40:40,-62.8 rpm,123 rpm,64.4 rpm
2025-12-15 09:40:42,-62.8 rpm,126 rpm,61.3 rpm
2025-12-15 09:40:44,-62.8 rpm,129 rpm,61.3 rpm
2025-12-15 09:40:46,-62.8 rpm,129 rpm,61.3 rpm
2025-12-15 09:40:48,-62.8 rpm,129 rpm,64.4 rpm
2025-12-15 09:40:50,-62.8 rpm,129 rpm,64.4 rpm
2025-12-15 09:40:52,-65.9 rpm,129 rpm,64.4 rpm
2025-12-15 09:40:54,-65.9 rpm,129 rpm,64.4 rpm
2025-12-15 09:40:56,-65.9 rpm,129 rpm,64.4 rpm
2025-12-15 09:40:58,-65.9 rpm,129 rpm,64.4 rpm
2025-12-15 09:41:00,-65.9 rpm,129 rpm,61.3 rpm
2025-12-15 09:41:02,-65.9 rpm,123 rpm,61.3 rpm
2025-12-15 09:41:04,-65.9 rpm,123 rpm,65.1 rpm
2025-12-15 09:41:06,-65.9 rpm,123 rpm,65.1 rpm
2025-12-15 09:41:08,-65.9 rpm,130 rpm,65.1 rpm
2025-12-15 09:41:10,-62.8 rpm,130 rpm,65.1 rpm
2025-12-15 09:41:12,-62.8 rpm,130 rpm,65.1 rpm
2025-12-15 09:41:14,137 rpm,-70 rpm,-31.7 rpm
2025-12-15 09:41:16,213 rpm,-270 rpm,-23.9 rpm
2025-12-15 09:41:18,357 rpm,-471 rpm,17.2 rpm
2025-12-15 09:41:20,349 rpm,-671 rpm,28 rpm
2025-12-15 09:41:22,412 rpm,-871 rpm,46.6 rpm
2025-12-15 09:41:24,230 rpm,-1.07e+03 rpm,63.6 rpm
2025-12-15 09:41:26,78.1 rpm,-1.17e+03 rpm,84.5 rpm
2025-12-15 09:41:28,-122 rpm,-1.14e+03 rpm,72.9 rpm
2025-12-15 09:41:30,-322 rpm,-943 rpm,49.6 rpm
2025-12-15 09:41:32,-523 rpm,-743 rpm,0.0244 rpm
2025-12-15 09:41:34,-723 rpm,-542 rpm,-45.7 rpm
2025-12-15 09:41:36,-923 rpm,-342 rpm,-80.7 rpm
2025-12-15 09:41:38,-1.11e+03 rpm,-142 rpm,-35.2 rpm
2025-12-15 09:41:40,-973 rpm,58.7 rpm,98.7 rpm
2025-12-15 09:41:42,-773 rpm,118 rpm,173 rpm
2025-12-15 09:41:44,-573 rpm,-82.3 rpm,181 rpm
2025-12-15 09:41:46,-373 rpm,-138 rpm,195 rpm
2025-12-15 09:41:48,-172 rpm,-136 rpm,170 rpm
2025-12-15 09:41:50,28 rpm,-182 rpm,170 rpm
2025-12-15 09:41:52,201 rpm,-182 rpm,175 rpm
2025-12-15 09:41:54,173 rpm,-124 rpm,202 rpm
2025-12-15 09:41:56,39.4 rpm,18 rpm,186 rpm
2025-12-15 09:41:58,38.7 rpm,27.3 rpm,126 rpm
2025-12-15 09:42:00,46.4 rpm,-51.4 rpm,135 rpm
2025-12-15 09:42:02,24 rpm,-69.1 rpm,161 rpm
2025-12-15 09:42:04,-1.44 rpm,-36.7 rpm,142 rpm
2025-12-15 09:42:06,8.59 rpm,-39.8 rpm,146 rpm
2025-12-15 09:42:08,21.7 rpm,-53.7 rpm,149 rpm
2025-12-15 09:42:10,16.3 rpm,-53.7 rpm,149 rpm
2025-12-15 09:42:12,8.59 rpm,-49.8 rpm,149 rpm
2025-12-15 09:42:14,11.7 rpm,-46 rpm,149 rpm
2025-12-15 09:42:16,11.7 rpm,-46 rpm,149 rpm
2025-12-15 09:42:18,11.7 rpm,-46 rpm,149 rpm
2025-12-15 09:42:20,11.7 rpm,-49.1 rpm,149 rpm
2025-12-15 09:42:22,11.7 rpm,-49.1 rpm,149 rpm
2025-12-15 09:42:24,11.7 rpm,-49.1 rpm,149 rpm
2025-12-15 09:42:26,11.7 rpm,-49.1 rpm,149 rpm
2025-12-15 09:42:28,11.7 rpm,-49.1 rpm,149 rpm
2025-12-15 09:42:30,11.7 rpm,-49.1 rpm,149 rpm
2025-12-15 09:42:32,11.7 rpm,-49.1 rpm,149 rpm
2025-12-15 09:42:34,11.7 rpm,-49.1 rpm,152 rpm
2025-12-15 09:42:36,11.7 rpm,-49.1 rpm,152 rpm
2025-12-15 09:42:38,14.8 rpm,-49.1 rpm,152 rpm
2025-12-15 09:42:40,11.7 rpm,-49.1 rpm,149 rpm
2025-12-15 09:42:42,11.7 rpm,-49.1 rpm,149 rpm
2025-12-15 09:42:44,11.7 rpm,-49.1 rpm,149 rpm
2025-12-15 09:42:46,11.7 rpm,-45.2 rpm,153 rpm
2025-12-15 09:42:48,11.7 rpm,-42.1 rpm,153 rpm
2025-12-15 09:42:50,11.7 rpm,-42.1 rpm,153 rpm
2025-12-15 09:42:52,11.7 rpm,-42.1 rpm,153 rpm
2025-12-15 09:42:54,11.7 rpm,-42.1 rpm,153 rpm
2025-12-15 09:42:56,11.7 rpm,-42.1 rpm,153 rpm
2025-12-15 09:42:58,11.7 rpm,-45.2 rpm,153 rpm
2025-12-15 09:43:00,11.7 rpm,-48.3 rpm,153 rpm
2025-12-15 09:43:02,11.7 rpm,-48.3 rpm,153 rpm
2025-12-15 09:43:04,11.7 rpm,-48.3 rpm,153 rpm
2025-12-15 09:43:06,11.7 rpm,-44.5 rpm,153 rpm
2025-12-15 09:43:08,11.7 rpm,-40.6 rpm,153 rpm
2025-12-15 09:43:10,11.7 rpm,-40.6 rpm,153 rpm
2025-12-15 09:43:12,11.7 rpm,-40.6 rpm,156 rpm
2025-12-15 09:43:14,11.7 rpm,-43.7 rpm,156 rpm
2025-12-15 09:43:16,11.7 rpm,-43.7 rpm,156 rpm
2025-12-15 09:43:18,11.7 rpm,-43.7 rpm,156 rpm
2025-12-15 09:43:20,11.7 rpm,-43.7 rpm,156 rpm
2025-12-15 09:43:22,8.59 rpm,-43.7 rpm,156 rpm
2025-12-15 09:43:24,8.59 rpm,-43.7 rpm,153 rpm
2025-12-15 09:43:26,8.59 rpm,-43.7 rpm,156 rpm
2025-12-15 09:43:28,8.59 rpm,-43.7 rpm,156 rpm
2025-12-15 09:43:30,8.59 rpm,-43.7 rpm,156 rpm
2025-12-15 09:43:32,8.59 rpm,-40.6 rpm,156 rpm
2025-12-15 09:43:34,8.59 rpm,-40.6 rpm,159 rpm
2025-12-15 09:43:36,11.7 rpm,-40.6 rpm,159 rpm
2025-12-15 09:43:38,14.8 rpm,-40.6 rpm,156 rpm
2025-12-15 09:43:40,14.8 rpm,-40.6 rpm,156 rpm
2025-12-15 09:43:42,14.8 rpm,-40.6 rpm,156 rpm
2025-12-15 09:43:44,-186 rpm,-241 rpm,8.85 rpm
2025-12-15 09:43:46,-360 rpm,-40.6 rpm,-8.17 rpm
2025-12-15 09:43:48,-561 rpm,-168 rpm,-111 rpm
2025-12-15 09:43:50,-582 rpm,32.5 rpm,-99.4 rpm
2025-12-15 09:43:52,-782 rpm,71 rpm,-158 rpm
2025-12-15 09:43:54,-665 rpm,271 rpm,-97.8 rpm
2025-12-15 09:43:56,-829 rpm,334 rpm,-66.8 rpm
2025-12-15 09:43:58,-629 rpm,534 rpm,32.4 rpm
2025-12-15 09:44:00,-463 rpm,334 rpm,38.6 rpm
2025-12-15 09:44:02,-263 rpm,134 rpm,47.1 rpm
2025-12-15 09:44:04,-62.3 rpm,41 rpm,47.1 rpm
2025-12-15 09:44:06,138 rpm,237 rpm,42.5 rpm
2025-12-15 09:44:08,338 rpm,218 rpm,50.9 rpm
2025-12-15 09:44:10,518 rpm,356 rpm,74.1 rpm
2025-12-15 09:44:12,556 rpm,491 rpm,91 rpm
2025-12-15 09:44:14,576 rpm,527 rpm,86.3 rpm
2025-12-15 09:44:16,469 rpm,412 rpm,100 rpm
2025-12-15 09:44:18,271 rpm,324 rpm,147 rpm
2025-12-15 09:44:20,94 rpm,237 rpm,176 rpm
2025-12-15 09:44:22,23.1 rpm,135 rpm,149 rpm
2025-12-15 09:44:24,5.35 rpm,53.8 rpm,151 rpm
2025-12-15 09:44:26,-6.99 rpm,32.2 rpm,159 rpm
2025-12-15 09:44:28,-18.6 rpm,42.3 rpm,159 rpm
2025-12-15 09:44:30,-18.6 rpm,46.1 rpm,156 rpm
2025-12-15 09:44:32,-15.5 rpm,37.6 rpm,156 rpm
2025-12-15 09:44:34,-15.5 rpm,37.6 rpm,156 rpm
2025-12-15 09:44:36,-15.5 rpm,37.6 rpm,156 rpm
2025-12-15 09:44:38,-15.5 rpm,37.6 rpm,156 rpm
2025-12-15 09:44:40,-15.5 rpm,37.6 rpm,156 rpm
2025-12-15 09:44:42,-23.2 rpm,34.6 rpm,156 rpm
2025-12-15 09:44:44,-23.2 rpm,34.6 rpm,156 rpm
2025-12-15 09:44:46,-18.6 rpm,34.6 rpm,156 rpm
2025-12-15 09:44:48,-18.6 rpm,34.6 rpm,159 rpm
2025-12-15 09:44:50,-18.6 rpm,34.6 rpm,159 rpm
2025-12-15 09:44:52,-18.6 rpm,34.6 rpm,155 rpm
2025-12-15 09:44:54,-18.6 rpm,34.6 rpm,155 rpm
2025-12-15 09:44:56,-18.6 rpm,34.6 rpm,155 rpm
2025-12-15 09:44:58,-18.6 rpm,34.6 rpm,158 rpm
2025-12-15 09:45:00,-18.6 rpm,37.6 rpm,158 rpm
2025-12-15 09:45:02,-18.6 rpm,37.6 rpm,158 rpm
2025-12-15 09:45:04,-18.5 rpm,37.6 rpm,155 rpm
2025-12-15 09:45:06,-18.5 rpm,37.6 rpm,155 rpm
2025-12-15 09:45:08,-18.5 rpm,37.6 rpm,155 rpm
2025-12-15 09:45:10,-18.5 rpm,37.6 rpm,155 rpm
2025-12-15 09:45:12,-18.5 rpm,37.6 rpm,158 rpm
2025-12-15 09:45:14,-18.5 rpm,37.6 rpm,158 rpm
2025-12-15 09:45:16,-18.5 rpm,37.6 rpm,158 rpm
2025-12-15 09:45:18,-18.5 rpm,37.6 rpm,155 rpm
2025-12-15 09:45:20,-18.5 rpm,37.6 rpm,155 rpm
2025-12-15 09:45:22,-18.5 rpm,37.6 rpm,155 rpm
2025-12-15 09:45:24,-18.5 rpm,37.6 rpm,158 rpm
2025-12-15 09:45:26,-21.6 rpm,37.6 rpm,158 rpm
2025-12-15 09:45:28,-24.7 rpm,34.6 rpm,158 rpm
2025-12-15 09:45:30,-24.7 rpm,34.6 rpm,154 rpm
2025-12-15 09:45:32,-24.7 rpm,34.6 rpm,154 rpm
2025-12-15 09:45:34,-16.2 rpm,34.6 rpm,154 rpm
2025-12-15 09:45:36,-16.2 rpm,34.6 rpm,158 rpm
2025-12-15 09:45:38,-19.3 rpm,34.6 rpm,158 rpm
2025-12-15 09:45:40,-19.3 rpm,40.7 rpm,158 rpm
2025-12-15 09:45:42,-19.3 rpm,40.7 rpm,155 rpm
2025-12-15 09:45:44,-19.3 rpm,40.7 rpm,155 rpm
2025-12-15 09:45:46,-19.3 rpm,37.6 rpm,155 rpm
2025-12-15 09:45:48,-19.3 rpm,37.6 rpm,158 rpm
2025-12-15 09:45:50,-22.4 rpm,37.6 rpm,158 rpm
2025-12-15 09:45:52,-22.4 rpm,37.6 rpm,158 rpm
2025-12-15 09:45:54,-22.4 rpm,37.6 rpm,155 rpm
2025-12-15 09:45:56,-22.4 rpm,37.6 rpm,155 rpm
2025-12-15 09:45:58,-22.4 rpm,34.6 rpm,155 rpm
2025-12-15 09:46:00,-22.4 rpm,34.6 rpm,158 rpm
2025-12-15 09:46:02,-22.4 rpm,34.6 rpm,158 rpm
2025-12-15 09:46:04,-22.4 rpm,34.6 rpm,155 rpm
2025-12-15 09:46:06,-22.4 rpm,34.6 rpm,155 rpm
2025-12-15 09:46:08,-22.4 rpm,37.6 rpm,155 rpm
2025-12-15 09:46:10,-22.4 rpm,37.6 rpm,155 rpm
